<?xml version="1.0" encoding="UTF-8"?>
<model xmlns="http://www.alfresco.org/model/dictionary/1.0" name="bookpub:book_publishing">
    <description>This custom content model defines new types and aspects related to the publishing domain.</description>
    <author>Martin Bergljung</author>
    <imports>
        <import uri="http://www.alfresco.org/model/content/1.0" prefix="cm"/>
        <import uri="http://www.alfresco.org/model/dictionary/1.0" prefix="d"/>
    </imports>
    <namespaces>
        <namespace uri="http://www.acme.com/model/content/publishing/1.0" prefix="bookpub"/>
    </namespaces>
    <data-types/>
    <constraints/>
    <types>
        <type name="bookpub:chapterFile">
            <title>Chapter File</title>
            <description>A file with this type contains a chapter of a book.</description>
            <parent>bookpub:mediaFile</parent>
            <properties/>
            <associations/>
            <overrides/>
            <mandatory-aspects/>
        </type>
        <type name="bookpub:bookFolder">
            <title>Book Folder</title>
            <description>Folder that contains all media related to a book</description>
            <parent>cm:folder</parent>
            <properties>
                <property name="bookpub:productionStatus">
                    <title>Production Status</title>
                    <description>Indicates weather this book is completed or in progress.</description>
                    <type>d:text</type>
                    <mandatory>true</mandatory>
                    <default>In Progress</default>
                    <index enabled="true">
                        <tokenised>FALSE</tokenised>
                        <facetable>true</facetable>
                    </index>
                    <constraints>
                        <constraint name="bookpub:LIST_4c03af30-4a4b-4e2a-87b6-5af7b2d09393" type="LIST">
                            <parameter name="allowedValues">
                                <list>
                                    <value>In Progress</value>
                                    <value>Completed</value>
                                </list>
                            </parameter>
                            <parameter name="caseSensitive">
                                <value>true</value>
                            </parameter>
                            <parameter name="sorted">
                                <value>true</value>
                            </parameter>
                        </constraint>
                    </constraints>
                </property>
            </properties>
            <associations/>
            <overrides/>
            <mandatory-aspects/>
        </type>
        <type name="bookpub:artworkFile">
            <title>Artwork File</title>
            <description>A file with this type contains artwork for a chapter, such as a diagram.</description>
            <parent>bookpub:mediaFile</parent>
            <properties/>
            <associations/>
            <overrides/>
            <mandatory-aspects/>
        </type>
        <type name="bookpub:mediaFile">
            <title>Media File</title>
            <description>A generic base type for book related files, such as a chapter, artwork, or the complete book.</description>
            <parent>cm:content</parent>
            <properties/>
            <associations/>
            <overrides/>
            <mandatory-aspects/>
        </type>
        <type name="bookpub:chapterFolder">
            <title>Chapter Folder</title>
            <description>Contains all media related to one chapter of a book</description>
            <parent>cm:folder</parent>
            <properties/>
            <associations/>
            <overrides/>
            <mandatory-aspects/>
        </type>
        <type name="bookpub:supplementaryFile">
            <title>Supplementary File</title>
            <description>A file with this type is a supplementary file to a book, such as the index.</description>
            <parent>bookpub:mediaFile</parent>
            <properties/>
            <associations/>
            <overrides/>
            <mandatory-aspects/>
        </type>
        <type name="bookpub:bookFile">
            <title>Book File</title>
            <description>A file with this type contains a complete book .</description>
            <parent>bookpub:mediaFile</parent>
            <properties/>
            <associations/>
            <overrides/>
            <mandatory-aspects/>
        </type>
    </types>
    <aspects>
        <aspect name="bookpub:bookInfo">
            <title>Book Info</title>
            <description>Contains the main metadata/properties for a book, such as ISBN.</description>
            <properties>
                <property name="bookpub:bookAuthors">
                    <title>Authors</title>
                    <description>The authors of this book</description>
                    <type>d:text</type>
                    <mandatory>true</mandatory>
                    <multiple>true</multiple>
                    <index enabled="true">
                        <tokenised>TRUE</tokenised>
                        <facetable>false</facetable>
                    </index>
                </property>
                <property name="bookpub:nrOfChapters">
                    <title>Number of Chapters</title>
                    <description>The total number of chapters that the book has</description>
                    <type>d:int</type>
                    <mandatory>false</mandatory>
                    <index enabled="true">
                        <tokenised>TRUE</tokenised>
                    </index>
                    <constraints>
                        <constraint name="bookpub:MINMAX_a79c6f2d-492b-44ed-8718-5414a8a34e20" type="MINMAX">
                            <parameter name="minValue">
                                <value>1.0</value>
                            </parameter>
                            <parameter name="maxValue">
                                <value>200.0</value>
                            </parameter>
                        </constraint>
                    </constraints>
                </property>
                <property name="bookpub:ISBN">
                    <title>ISBN</title>
                    <description>The main ISBN-13 number for the book</description>
                    <type>d:text</type>
                    <mandatory>true</mandatory>
                    <index enabled="true">
                        <tokenised>TRUE</tokenised>
                        <facetable>false</facetable>
                    </index>
                    <constraints>
                        <constraint name="bookpub:REGEX_6c2ab7cf-be30-4007-88cc-a262c5b212e4" type="REGEX">
                            <parameter name="requiresMatch">
                                <value>true</value>
                            </parameter>
                            <parameter name="expression">
                                <value>^(97(8|9))\d{9}(\d|X)$</value>
                            </parameter>
                        </constraint>
                    </constraints>
                </property>
                <property name="bookpub:nrOfPages">
                    <title>Number of Pages</title>
                    <description>The total number of pages this book has.</description>
                    <type>d:int</type>
                    <mandatory>false</mandatory>
                    <index enabled="true">
                        <tokenised>TRUE</tokenised>
                    </index>
                    <constraints>
                        <constraint name="bookpub:MINMAX_7045a080-b30e-4366-8d3a-c46914545b62" type="MINMAX">
                            <parameter name="minValue">
                                <value>10</value>
                            </parameter>
                            <parameter name="maxValue">
                                <value>2000</value>
                            </parameter>
                        </constraint>
                    </constraints>
                </property>
                <property name="bookpub:bookSubjectName">
                    <title>Book Subject Name</title>
                    <description>The subject of the book</description>
                    <type>d:text</type>
                    <mandatory>true</mandatory>
                    <index enabled="true">
                        <tokenised>TRUE</tokenised>
                        <facetable>false</facetable>
                    </index>
                    <constraints>
                        <constraint name="bookpub:LIST_1dc8118a-b1c3-4515-8d47-b1aa56fad6c5" type="LIST">
                            <parameter name="allowedValues">
                                <list>
                                    <value>Business and Management</value>
                                    <value>Communication, Journalism, Media and Culture</value>
                                    <value>Criminology</value>
                                    <value>Economics and Finance</value>
                                    <value>Education</value>
                                    <value>Environment and Sustainability</value>
                                    <value>Geography</value>
                                    <value>Information Technology</value>
                                </list>
                            </parameter>
                            <parameter name="caseSensitive">
                                <value>true</value>
                            </parameter>
                            <parameter name="sorted">
                                <value>false</value>
                            </parameter>
                        </constraint>
                    </constraints>
                </property>
                <property name="bookpub:bookTitle">
                    <title>Book Title</title>
                    <description>The title of the book</description>
                    <type>d:text</type>
                    <mandatory>true</mandatory>
                    <index enabled="true">
                        <tokenised>TRUE</tokenised>
                        <facetable>false</facetable>
                    </index>
                </property>
            </properties>
            <associations/>
            <overrides/>
            <mandatory-aspects/>
        </aspect>
        <aspect name="bookpub:webPublishingInfo">
            <title>Web Publishing Info</title>
            <description>Information about when the book was published on the web</description>
            <properties>
                <property name="bookpub:webPublishedDate">
                    <title>Web Published Date</title>
                    <description>The date the book was first published on the web electronically</description>
                    <type>d:datetime</type>
                    <mandatory>false</mandatory>
                    <index enabled="true">
                        <tokenised>TRUE</tokenised>
                    </index>
                </property>
                <property name="bookpub:webPublishedVersion">
                    <title>Web Published Version</title>
                    <description>Last published version to the web</description>
                    <type>d:text</type>
                    <mandatory>false</mandatory>
                    <index enabled="true">
                        <tokenised>TRUE</tokenised>
                        <facetable>false</facetable>
                    </index>
                </property>
            </properties>
            <associations/>
            <overrides/>
            <mandatory-aspects/>
        </aspect>
        <aspect name="bookpub:chapterInfo">
            <title>Chapter Info</title>
            <description>Metadata/properties for a specific chapter of the book</description>
            <properties>
                <property name="bookpub:chapterNumber">
                    <title>Chapter Number</title>
                    <description>The chapter number/order in the book</description>
                    <type>d:int</type>
                    <mandatory>true</mandatory>
                    <index enabled="true">
                        <tokenised>TRUE</tokenised>
                    </index>
                    <constraints>
                        <constraint name="bookpub:MINMAX_514431f6-aa53-4a74-8d1c-0942f55696b5" type="MINMAX">
                            <parameter name="minValue">
                                <value>1.0</value>
                            </parameter>
                            <parameter name="maxValue">
                                <value>200.0</value>
                            </parameter>
                        </constraint>
                    </constraints>
                </property>
                <property name="bookpub:chapterAuthor">
                    <title>Author</title>
                    <description>The author of this chapter</description>
                    <type>d:text</type>
                    <mandatory>true</mandatory>
                    <index enabled="true">
                        <tokenised>TRUE</tokenised>
                        <facetable>false</facetable>
                    </index>
                </property>
                <property name="bookpub:chapterTitle">
                    <title>Chapter Title</title>
                    <description>The title of the book chapter</description>
                    <type>d:text</type>
                    <mandatory>true</mandatory>
                    <index enabled="true">
                        <tokenised>TRUE</tokenised>
                        <facetable>false</facetable>
                    </index>
                </property>
            </properties>
            <associations/>
            <overrides/>
            <mandatory-aspects/>
        </aspect>
    </aspects>
</model>