<?xml version="1.0" encoding="UTF-8"?><module>
   <id>CMM_book_publishing</id>
   <auto-deploy>true</auto-deploy>
   <configurations>
      
      <!-- Document Library config section -->
      <config condition="DocumentLibrary" evaluator="string-compare" replace="false">
      </config>

      <!-- Form configuration section - type -->
      
      <!-- Form configuration section - aspect -->
      
      <!-- Entity form designer configuration -->
      <config condition="FormDefinition" evaluator="string-compare">
         <form-definition id="bookInfo">[{"elementconfig":{"label":"Book Info","appearance":"bordered-panel"},"pseudonym":"cmm/editor/layout/1cols","label":"cmm.form-editor.palette.one-column","column":[{"pseudonym":"cmm/editor/property/text","id":"bookpub:ISBN","elementconfig":{"infoname":"ISBN","infolabel":"ISBN","infotype":"d:text"},"label":"ISBN [ISBN]","type":["property"]},{"pseudonym":"cmm/editor/property/text","id":"bookpub:bookTitle","elementconfig":{"infoname":"bookTitle","infolabel":"Book Title","infotype":"d:text"},"label":"Book Title [bookTitle]","type":["property"]},{"pseudonym":"cmm/editor/property/text","id":"bookpub:bookSubjectName","elementconfig":{"infoname":"bookSubjectName","infolabel":"Book Subject Name","infotype":"d:text"},"label":"Book Subject Name [bookSubjectName]","type":["property"]},{"pseudonym":"cmm/editor/property/text","id":"bookpub:bookAuthors","elementconfig":{"infoname":"bookAuthors","infolabel":"Authors","infotype":"d:text"},"label":"Authors [bookAuthors]","type":["property"]},{"pseudonym":"cmm/editor/property/int","id":"bookpub:nrOfChapters","elementconfig":{"infoname":"nrOfChapters","infolabel":"Number of Chapters","infotype":"d:int"},"label":"Number of Chapters [nrOfChapters]","type":["property"]}],"type":"{type}","alfValidForm":true,"wrapperSettings":{"type":"one"}}]</form-definition>
         <form-definition id="bookFile">[{"elementconfig":{"label":"","appearance":"title"},"pseudonym":"cmm/editor/layout/1cols","label":"cmm.form-editor.palette.one-column","column":[{"pseudonym":"cmm/editor/property/text","id":"cm:name","elementconfig":{"infoname":"cm:name","infolabel":"Name","infotype":"d:text"},"label":"Name [cm:name]","type":["property"]},{"pseudonym":"cmm/editor/property/text","id":"cm:title","elementconfig":{"infoname":"cm:title","infolabel":"Title","infotype":"d:text","force":true},"label":"Title [cm:title]","type":["property"]},{"pseudonym":"cmm/editor/property/text","id":"cm:description","elementconfig":{"infoname":"cm:description","infolabel":"Description","infotype":"d:text","force":true},"label":"Description [cm:description]","type":["property"]},{"pseudonym":"cmm/editor/property/text","id":"cm:author","elementconfig":{"infoname":"cm:author","infolabel":"Author","infotype":"d:text","force":true},"label":"Author [cm:author]","type":["property"]},{"pseudonym":"cmm/editor/property/taggable","id":"cm:taggable","elementconfig":{"infoname":"cm:taggable","infolabel":"Taggable","infotype":"taggable","for-mode":"edit","force":true,"controltype":"taggable"},"label":"Taggable [cm:taggable]","type":["property"]},{"pseudonym":"cmm/editor/property/categories","id":"cm:categories","elementconfig":{"infoname":"cm:categories","infolabel":"Categories","infotype":"categories","controltype":"categories"},"label":"Categories [cm:categories]","type":["property"]}],"type":"{type}"},{"elementconfig":{"label":"","appearance":"bordered-panel"},"pseudonym":"cmm/editor/layout/2cols","label":"cmm.form-editor.palette.two-column","type":["layout"],"column":[{"pseudonym":"cmm/editor/property/mimetype","id":"mimetype","elementconfig":{"infoname":"mimetype","infolabel":"Mimetype","infotype":"mimetype","controltype":"mimetype"},"label":"Mimetype [mimetype]","type":["property"]},{"pseudonym":"cmm/editor/property/size","id":"size","elementconfig":{"infoname":"size","infolabel":"Size","infotype":"size","for-mode":"view","controltype":"size"},"label":"Size [size]","type":["property"]},{"pseudonym":"cmm/editor/property/text","id":"cm:creator","elementconfig":{"infoname":"cm:creator","infolabel":"Creator","infotype":"d:text","for-mode":"view"},"label":"Creator [cm:creator]","type":["property"]},{"pseudonym":"cmm/editor/property/datetime","id":"cm:created","elementconfig":{"infoname":"cm:created","infolabel":"Created Date","infotype":"d:datetime","for-mode":"view"},"label":"Created Date [cm:created]","type":["property"]},{"pseudonym":"cmm/editor/property/text","id":"cm:modifier","elementconfig":{"infoname":"cm:modifier","infolabel":"Modifier","infotype":"d:text","for-mode":"view"},"label":"Modifier [cm:modifier]","type":["property"]},{"pseudonym":"cmm/editor/property/datetime","id":"cm:modified","elementconfig":{"infoname":"cm:modified","infolabel":"Modified Date","infotype":"d:datetime","for-mode":"view"},"label":"Modified Date [cm:modified]","type":["property"]}]}]</form-definition>
         <form-definition id="chapterInfo">[{"elementconfig":{"label":"Chapter Info","appearance":"bordered-panel"},"pseudonym":"cmm/editor/layout/1cols","label":"cmm.form-editor.palette.one-column","type":["layout"],"column":[{"pseudonym":"cmm/editor/property/int","id":"bookpub:chapterNumber","elementconfig":{"infoname":"chapterNumber","infolabel":"Chapter Number","infotype":"d:int"},"label":"Chapter Number [chapterNumber]","type":["property"]},{"pseudonym":"cmm/editor/property/text","id":"bookpub:chapterTitle","elementconfig":{"infoname":"chapterTitle","infolabel":"Chapter Title","infotype":"d:text"},"label":"Chapter Title [chapterTitle]","type":["property"]},{"pseudonym":"cmm/editor/property/text","id":"bookpub:chapterAuthor","elementconfig":{"infoname":"chapterAuthor","infolabel":"Author","infotype":"d:text"},"label":"Author [chapterAuthor]","type":["property"]}],"alfValidForm":true,"wrapperSettings":{"type":"one"}}]</form-definition>
         <form-definition id="chapterFile">[{"elementconfig":{"label":"","appearance":"title"},"pseudonym":"cmm/editor/layout/1cols","label":"cmm.form-editor.palette.one-column","column":[{"pseudonym":"cmm/editor/property/text","id":"cm:name","elementconfig":{"infoname":"cm:name","infolabel":"Name","infotype":"d:text"},"label":"Name [cm:name]","type":["property"]},{"pseudonym":"cmm/editor/property/text","id":"cm:title","elementconfig":{"infoname":"cm:title","infolabel":"Title","infotype":"d:text","force":true},"label":"Title [cm:title]","type":["property"]},{"pseudonym":"cmm/editor/property/text","id":"cm:description","elementconfig":{"infoname":"cm:description","infolabel":"Description","infotype":"d:text","force":true},"label":"Description [cm:description]","type":["property"]},{"pseudonym":"cmm/editor/property/text","id":"cm:author","elementconfig":{"infoname":"cm:author","infolabel":"Author","infotype":"d:text","force":true},"label":"Author [cm:author]","type":["property"]},{"pseudonym":"cmm/editor/property/taggable","id":"cm:taggable","elementconfig":{"infoname":"cm:taggable","infolabel":"Taggable","infotype":"taggable","for-mode":"edit","force":true,"controltype":"taggable"},"label":"Taggable [cm:taggable]","type":["property"]},{"pseudonym":"cmm/editor/property/categories","id":"cm:categories","elementconfig":{"infoname":"cm:categories","infolabel":"Categories","infotype":"categories","controltype":"categories"},"label":"Categories [cm:categories]","type":["property"]}],"type":"{type}"},{"elementconfig":{"label":"","appearance":"bordered-panel"},"pseudonym":"cmm/editor/layout/2cols","label":"cmm.form-editor.palette.two-column","type":["layout"],"column":[{"pseudonym":"cmm/editor/property/mimetype","id":"mimetype","elementconfig":{"infoname":"mimetype","infolabel":"Mimetype","infotype":"mimetype","controltype":"mimetype"},"label":"Mimetype [mimetype]","type":["property"]},{"pseudonym":"cmm/editor/property/size","id":"size","elementconfig":{"infoname":"size","infolabel":"Size","infotype":"size","for-mode":"view","controltype":"size"},"label":"Size [size]","type":["property"]},{"pseudonym":"cmm/editor/property/text","id":"cm:creator","elementconfig":{"infoname":"cm:creator","infolabel":"Creator","infotype":"d:text","for-mode":"view"},"label":"Creator [cm:creator]","type":["property"]},{"pseudonym":"cmm/editor/property/datetime","id":"cm:created","elementconfig":{"infoname":"cm:created","infolabel":"Created Date","infotype":"d:datetime","for-mode":"view"},"label":"Created Date [cm:created]","type":["property"]},{"pseudonym":"cmm/editor/property/text","id":"cm:modifier","elementconfig":{"infoname":"cm:modifier","infolabel":"Modifier","infotype":"d:text","for-mode":"view"},"label":"Modifier [cm:modifier]","type":["property"]},{"pseudonym":"cmm/editor/property/datetime","id":"cm:modified","elementconfig":{"infoname":"cm:modified","infolabel":"Modified Date","infotype":"d:datetime","for-mode":"view"},"label":"Modified Date [cm:modified]","type":["property"]}]}]</form-definition>
         <form-definition id="chapterFolder">[{"elementconfig":{"label":"","appearance":"title"},"pseudonym":"cmm/editor/layout/1cols","label":"cmm.form-editor.palette.one-column","column":[{"pseudonym":"cmm/editor/property/text","id":"cm:name","elementconfig":{"infoname":"cm:name","infolabel":"Name","infotype":"d:text"},"label":"Name [cm:name]","type":["property"]},{"pseudonym":"cmm/editor/property/text","id":"cm:title","elementconfig":{"infoname":"cm:title","infolabel":"Title","infotype":"d:text","force":true},"label":"Title [cm:title]","type":["property"]},{"pseudonym":"cmm/editor/property/text","id":"cm:description","elementconfig":{"infoname":"cm:description","infolabel":"Description","infotype":"d:text","force":true},"label":"Description [cm:description]","type":["property"]},{"pseudonym":"cmm/editor/property/text","id":"cm:author","elementconfig":{"infoname":"cm:author","infolabel":"Author","infotype":"d:text","force":true},"label":"Author [cm:author]","type":["property"]},{"pseudonym":"cmm/editor/property/taggable","id":"cm:taggable","elementconfig":{"infoname":"cm:taggable","infolabel":"Taggable","infotype":"taggable","for-mode":"edit","force":true,"controltype":"taggable"},"label":"Taggable [cm:taggable]","type":["property"]},{"pseudonym":"cmm/editor/property/categories","id":"cm:categories","elementconfig":{"infoname":"cm:categories","infolabel":"Categories","infotype":"categories","controltype":"categories"},"label":"Categories [cm:categories]","type":["property"]}],"type":"{type}"},{"elementconfig":{"label":"","appearance":"bordered-panel"},"pseudonym":"cmm/editor/layout/2cols","label":"cmm.form-editor.palette.two-column","type":["layout"],"column":[{"pseudonym":"cmm/editor/property/mimetype","id":"mimetype","elementconfig":{"infoname":"mimetype","infolabel":"Mimetype","infotype":"mimetype","controltype":"mimetype"},"label":"Mimetype [mimetype]","type":["property"]},{"pseudonym":"cmm/editor/property/size","id":"size","elementconfig":{"infoname":"size","infolabel":"Size","infotype":"size","for-mode":"view","controltype":"size"},"label":"Size [size]","type":["property"]},{"pseudonym":"cmm/editor/property/text","id":"cm:creator","elementconfig":{"infoname":"cm:creator","infolabel":"Creator","infotype":"d:text","for-mode":"view"},"label":"Creator [cm:creator]","type":["property"]},{"pseudonym":"cmm/editor/property/datetime","id":"cm:created","elementconfig":{"infoname":"cm:created","infolabel":"Created Date","infotype":"d:datetime","for-mode":"view"},"label":"Created Date [cm:created]","type":["property"]},{"pseudonym":"cmm/editor/property/text","id":"cm:modifier","elementconfig":{"infoname":"cm:modifier","infolabel":"Modifier","infotype":"d:text","for-mode":"view"},"label":"Modifier [cm:modifier]","type":["property"]},{"pseudonym":"cmm/editor/property/datetime","id":"cm:modified","elementconfig":{"infoname":"cm:modified","infolabel":"Modified Date","infotype":"d:datetime","for-mode":"view"},"label":"Modified Date [cm:modified]","type":["property"]}]}]</form-definition>
         <form-definition id="artworkFile">[{"elementconfig":{"label":"","appearance":"title"},"pseudonym":"cmm/editor/layout/1cols","label":"cmm.form-editor.palette.one-column","column":[{"pseudonym":"cmm/editor/property/text","id":"cm:name","elementconfig":{"infoname":"cm:name","infolabel":"Name","infotype":"d:text"},"label":"Name [cm:name]","type":["property"]},{"pseudonym":"cmm/editor/property/text","id":"cm:title","elementconfig":{"infoname":"cm:title","infolabel":"Title","infotype":"d:text","force":true},"label":"Title [cm:title]","type":["property"]},{"pseudonym":"cmm/editor/property/text","id":"cm:description","elementconfig":{"infoname":"cm:description","infolabel":"Description","infotype":"d:text","force":true},"label":"Description [cm:description]","type":["property"]},{"pseudonym":"cmm/editor/property/text","id":"cm:author","elementconfig":{"infoname":"cm:author","infolabel":"Author","infotype":"d:text","force":true},"label":"Author [cm:author]","type":["property"]},{"pseudonym":"cmm/editor/property/taggable","id":"cm:taggable","elementconfig":{"infoname":"cm:taggable","infolabel":"Taggable","infotype":"taggable","for-mode":"edit","force":true,"controltype":"taggable"},"label":"Taggable [cm:taggable]","type":["property"]},{"pseudonym":"cmm/editor/property/categories","id":"cm:categories","elementconfig":{"infoname":"cm:categories","infolabel":"Categories","infotype":"categories","controltype":"categories"},"label":"Categories [cm:categories]","type":["property"]}],"type":"{type}"},{"elementconfig":{"label":"","appearance":"bordered-panel"},"pseudonym":"cmm/editor/layout/2cols","label":"cmm.form-editor.palette.two-column","type":["layout"],"column":[{"pseudonym":"cmm/editor/property/mimetype","id":"mimetype","elementconfig":{"infoname":"mimetype","infolabel":"Mimetype","infotype":"mimetype","controltype":"mimetype"},"label":"Mimetype [mimetype]","type":["property"]},{"pseudonym":"cmm/editor/property/size","id":"size","elementconfig":{"infoname":"size","infolabel":"Size","infotype":"size","for-mode":"view","controltype":"size"},"label":"Size [size]","type":["property"]},{"pseudonym":"cmm/editor/property/text","id":"cm:creator","elementconfig":{"infoname":"cm:creator","infolabel":"Creator","infotype":"d:text","for-mode":"view"},"label":"Creator [cm:creator]","type":["property"]},{"pseudonym":"cmm/editor/property/datetime","id":"cm:created","elementconfig":{"infoname":"cm:created","infolabel":"Created Date","infotype":"d:datetime","for-mode":"view"},"label":"Created Date [cm:created]","type":["property"]},{"pseudonym":"cmm/editor/property/text","id":"cm:modifier","elementconfig":{"infoname":"cm:modifier","infolabel":"Modifier","infotype":"d:text","for-mode":"view"},"label":"Modifier [cm:modifier]","type":["property"]},{"pseudonym":"cmm/editor/property/datetime","id":"cm:modified","elementconfig":{"infoname":"cm:modified","infolabel":"Modified Date","infotype":"d:datetime","for-mode":"view"},"label":"Modified Date [cm:modified]","type":["property"]}]}]</form-definition>
         <form-definition id="webPublishingInfo">[{"elementconfig":{"label":"Web Published Info","appearance":"bordered-panel"},"pseudonym":"cmm/editor/layout/1cols","label":"cmm.form-editor.palette.one-column","type":["layout"],"alfValidForm":true,"wrapperSettings":{"type":"one"},"column":[{"pseudonym":"cmm/editor/property/datetime","id":"bookpub:webPublishedDate","elementconfig":{"infoname":"webPublishedDate","infolabel":"Web Published Date","infotype":"d:datetime"},"label":"Web Published Date [webPublishedDate]","type":["property"]},{"pseudonym":"cmm/editor/property/text","id":"bookpub:webPublishedVersion","elementconfig":{"infoname":"webPublishedVersion","infolabel":"Web Published Version","infotype":"d:text"},"label":"Web Published Version [webPublishedVersion]","type":["property"]}]}]</form-definition>
         <form-definition id="supplementaryFile">[{"elementconfig":{"label":"","appearance":"title"},"pseudonym":"cmm/editor/layout/1cols","label":"cmm.form-editor.palette.one-column","column":[{"pseudonym":"cmm/editor/property/text","id":"cm:name","elementconfig":{"infoname":"cm:name","infolabel":"Name","infotype":"d:text"},"label":"Name [cm:name]","type":["property"]},{"pseudonym":"cmm/editor/property/text","id":"cm:title","elementconfig":{"infoname":"cm:title","infolabel":"Title","infotype":"d:text","force":true},"label":"Title [cm:title]","type":["property"]},{"pseudonym":"cmm/editor/property/text","id":"cm:description","elementconfig":{"infoname":"cm:description","infolabel":"Description","infotype":"d:text","force":true},"label":"Description [cm:description]","type":["property"]},{"pseudonym":"cmm/editor/property/text","id":"cm:author","elementconfig":{"infoname":"cm:author","infolabel":"Author","infotype":"d:text","force":true},"label":"Author [cm:author]","type":["property"]},{"pseudonym":"cmm/editor/property/taggable","id":"cm:taggable","elementconfig":{"infoname":"cm:taggable","infolabel":"Taggable","infotype":"taggable","for-mode":"edit","force":true,"controltype":"taggable"},"label":"Taggable [cm:taggable]","type":["property"]},{"pseudonym":"cmm/editor/property/categories","id":"cm:categories","elementconfig":{"infoname":"cm:categories","infolabel":"Categories","infotype":"categories","controltype":"categories"},"label":"Categories [cm:categories]","type":["property"]}],"type":"{type}"},{"elementconfig":{"label":"","appearance":"bordered-panel"},"pseudonym":"cmm/editor/layout/2cols","label":"cmm.form-editor.palette.two-column","type":["layout"],"column":[{"pseudonym":"cmm/editor/property/mimetype","id":"mimetype","elementconfig":{"infoname":"mimetype","infolabel":"Mimetype","infotype":"mimetype","controltype":"mimetype"},"label":"Mimetype [mimetype]","type":["property"]},{"pseudonym":"cmm/editor/property/size","id":"size","elementconfig":{"infoname":"size","infolabel":"Size","infotype":"size","for-mode":"view","controltype":"size"},"label":"Size [size]","type":["property"]},{"pseudonym":"cmm/editor/property/text","id":"cm:creator","elementconfig":{"infoname":"cm:creator","infolabel":"Creator","infotype":"d:text","for-mode":"view"},"label":"Creator [cm:creator]","type":["property"]},{"pseudonym":"cmm/editor/property/datetime","id":"cm:created","elementconfig":{"infoname":"cm:created","infolabel":"Created Date","infotype":"d:datetime","for-mode":"view"},"label":"Created Date [cm:created]","type":["property"]},{"pseudonym":"cmm/editor/property/text","id":"cm:modifier","elementconfig":{"infoname":"cm:modifier","infolabel":"Modifier","infotype":"d:text","for-mode":"view"},"label":"Modifier [cm:modifier]","type":["property"]},{"pseudonym":"cmm/editor/property/datetime","id":"cm:modified","elementconfig":{"infoname":"cm:modified","infolabel":"Modified Date","infotype":"d:datetime","for-mode":"view"},"label":"Modified Date [cm:modified]","type":["property"]}]}]</form-definition>
         <form-definition id="bookFolder">[{"elementconfig":{"label":"","appearance":"title"},"pseudonym":"cmm/editor/layout/1cols","label":"cmm.form-editor.palette.one-column","column":[{"pseudonym":"cmm/editor/property/text","id":"cm:name","elementconfig":{"infoname":"cm:name","infolabel":"Name","infotype":"d:text"},"label":"Name [cm:name]","type":["property"]},{"pseudonym":"cmm/editor/property/text","id":"cm:title","elementconfig":{"infoname":"cm:title","infolabel":"Title","infotype":"d:text","force":true},"label":"Title [cm:title]","type":["property"]},{"pseudonym":"cmm/editor/property/text","id":"cm:description","elementconfig":{"infoname":"cm:description","infolabel":"Description","infotype":"d:text","force":true},"label":"Description [cm:description]","type":["property"]},{"pseudonym":"cmm/editor/property/text","id":"cm:author","elementconfig":{"infoname":"cm:author","infolabel":"Author","infotype":"d:text","force":true},"label":"Author [cm:author]","type":["property"]},{"pseudonym":"cmm/editor/property/taggable","id":"cm:taggable","elementconfig":{"infoname":"cm:taggable","infolabel":"Taggable","infotype":"taggable","for-mode":"edit","force":true,"controltype":"taggable"},"label":"Taggable [cm:taggable]","type":["property"]},{"pseudonym":"cmm/editor/property/categories","id":"cm:categories","elementconfig":{"infoname":"cm:categories","infolabel":"Categories","infotype":"categories","controltype":"categories"},"label":"Categories [cm:categories]","type":["property"]}],"type":"{type}"},{"elementconfig":{"label":"","appearance":"bordered-panel"},"pseudonym":"cmm/editor/layout/2cols","label":"cmm.form-editor.palette.two-column","type":["layout"],"column":[{"pseudonym":"cmm/editor/property/mimetype","id":"mimetype","elementconfig":{"infoname":"mimetype","infolabel":"Mimetype","infotype":"mimetype","controltype":"mimetype"},"label":"Mimetype [mimetype]","type":["property"]},{"pseudonym":"cmm/editor/property/size","id":"size","elementconfig":{"infoname":"size","infolabel":"Size","infotype":"size","for-mode":"view","controltype":"size"},"label":"Size [size]","type":["property"]},{"pseudonym":"cmm/editor/property/text","id":"cm:creator","elementconfig":{"infoname":"cm:creator","infolabel":"Creator","infotype":"d:text","for-mode":"view"},"label":"Creator [cm:creator]","type":["property"]},{"pseudonym":"cmm/editor/property/datetime","id":"cm:created","elementconfig":{"infoname":"cm:created","infolabel":"Created Date","infotype":"d:datetime","for-mode":"view"},"label":"Created Date [cm:created]","type":["property"]},{"pseudonym":"cmm/editor/property/text","id":"cm:modifier","elementconfig":{"infoname":"cm:modifier","infolabel":"Modifier","infotype":"d:text","for-mode":"view"},"label":"Modifier [cm:modifier]","type":["property"]},{"pseudonym":"cmm/editor/property/datetime","id":"cm:modified","elementconfig":{"infoname":"cm:modified","infolabel":"Modified Date","infotype":"d:datetime","for-mode":"view"},"label":"Modified Date [cm:modified]","type":["property"]}]},{"elementconfig":{"label":"Book Production Status","appearance":"bordered-panel"},"pseudonym":"cmm/editor/layout/1cols","label":"cmm.form-editor.palette.one-column","type":["layout"],"column":[{"pseudonym":"cmm/editor/property/text","id":"bookpub:productionStatus","elementconfig":{"infoname":"productionStatus","infolabel":"Production Status","infotype":"d:text"},"label":"Production Status [productionStatus]","type":["property"]}],"alfValidForm":true,"wrapperSettings":{"type":"one"}}]</form-definition>
      </config>

   </configurations>
</module>
