<?xml version='1.0' encoding='UTF-8'?>
<beans xmlns="http://www.springframework.org/schema/beans"
       xmlns:xsi="http://www.w3.org/2001/XMLSchema-instance"
       xmlns:hz="http://www.hazelcast.com/schema/spring"
       xsi:schemaLocation="http://www.springframework.org/schema/beans
                http://www.springframework.org/schema/beans/spring-beans-2.5.xsd
                http://www.hazelcast.com/schema/spring
                http://www.hazelcast.com/schema/spring/hazelcast-spring-2.4.xsd">
   
    <!-- Bookpub UI Labels -->
    <bean id="bookpub.tutorial.resources"
          class="org.springframework.extensions.surf.util.ResourceBundleBootstrapComponent">
        <property name="resourceBundles">
            <list>
                <value>alfresco.messages.bookpub-labels</value>
            </list>
        </property>
    </bean>
   
   <!-- Bookpub evaluators -->
   <bean id="evaluator.doclib.metadata.hasBookInfo" class="org.alfresco.web.evaluator.HasAspectEvaluator">
      <property name="aspects">
         <list>
            <value>bookpub:bookInfo</value>
         </list>
      </property>
   </bean>
 

</beans>